author,rating,title,text,date,helpful,verified
Dior bronze poudre,5,eccellente,appena arrivato molto neutral quello che cervavo chiccky,2026-04-27T14:08:20.000+00:00,0,[]
Queenbeauty,3,Lip,Per il costo mi aspettavo qualcosa in più,2026-04-16T20:56:00.000+00:00,0,[]
Andreanaa,5,Bel regalo,"Bel regalo, è stato graditissimo",2026-04-10T20:16:11.000+00:00,0,[]
LivBegaj,5,La svolta,"iconico , labbre carnose idratate con quel pizzico di volume in piu che rimane per ore sulle mie labbra mi piace assai",2026-04-01T15:38:36.000+00:00,0,[]
Claom,5,Bello,Lascia un effetto glow duraturo per tutta la giornata,2026-03-26T15:39:15.000+00:00,0,[]
Pelle matura,5,Belíssimo,Bellissimo effetto glow adoro 🥰,2026-03-16T08:47:39.000+00:00,0,[]
Asjapilafx,5,Luce e volume,Per chi ama labbra lucenti e in evidenza. Dona un effetto rimpolpante ma discreto con il suo color nude.,2026-03-06T10:00:06.000+00:00,0,[]
Mariag74,5,Ottimo anche come primer,"Pochissimo prodotto basta per creare un film idratante che forma un film elastico che fa durare di più il rossetto che diventa aderente alle labbra. Da solo è fantastico anche la sera per labbra secche  o la mattina con un leggero contorno a matita. Profuma di menta e rimpolpa molto , fa spessore sulle labbra e le rende lucide e piene, le prime volte può dare un leggero pizzicore passeggero perché stimola il collagene. Anche quello rosa con i brillantini è bellissimo.",2026-03-04T23:18:38.000+00:00,0,[]
Layla.,4,Beh..effettivamente é valido,"Bella la confezione,  adatto per fare un regalo . Mi piace questo colore perché leggermente più scuro delle mie labbra ,dona un po di colore ma senza esagerare e l'ho scelto proprio per un utilizzo quotidiano.  Avrei preferito che durasse un po di più sulle labbra,  visto il prezzo non proprio contenuto. Per questo motivo ho dato 4 stelle.",2026-03-02T18:37:45.000+00:00,0,[]
giuseppa61,5,Regalo gradito,Ho comprato questo lucidalabbra per regalarli a mia figlia. Lo ha gradito moltissimo e provato subito. Gli è piaciuto talmente tanto che vuole comprare anche gli altri colori.,2026-03-01T20:35:04.000+00:00,0,[]
Fedebas,4,Ottimo,Prodotto rimpolpante non appiccicoso,2026-02-16T13:13:39.000+00:00,0,[]
Verjuska84,5,Dior sempre top,Per me ogni prodotto di Dior non ha recensioni negative! Sono prodotti di alta qualità e lunga tenuta. Questo gloss è impercettibile non appiccicoso e regala super luminosità alle labbra! Vale la pena!,2026-02-14T21:36:38.000+00:00,0,[]
Noems,5,Perfetto!,"Must have da portare sempre con sé,idrata e ha una buona duratura",2026-02-04T20:53:43.000+00:00,0,[]
Martidid2001,5,Il miglior gloss,"Il gloss migliore sul mercato a parer mio! Leggermente mentolato, idratante e super riflettente!",2026-01-21T22:06:22.000+00:00,0,[]
ChiaraL96,5,Volume volume e volume,Rimpolpante con effetto riempitivo un lip gloss che oltre a dare luminosità dà un effetto volumizzante all'istante!,2026-01-20T06:37:58.000+00:00,0,[]
CeciG,5,Mai più senza,"L'unico che dona davvero volume e non secca le labbra. In più, cosa fondamentale per me, non si appiccica sui denti. Una cosa che odio profondamente è vedere il rossetto sui denti. Con questo gloss ho risolto il mio problema.",2026-01-16T12:31:17.000+00:00,0,[]
MC,5,Best,Un prodotto valido da avere,2026-01-14T14:14:07.000+00:00,0,[]
Luna23,5,Lo amo,"Adoro in generale i prodotti Dior per le labbra, sono tutto un altro livello di qualità!! Una volta provati i prodotti di fascia alta è davvero difficile tornare indietro .. Consiglio il colore Rosewood, è stupendo, soprattutto se avete la pelle chiara",2026-01-13T18:02:29.000+00:00,0,[]
Agavpe,5,Nulla da dire,"È perfetto, sia di colore che di consistenza",2026-01-10T17:11:00.000+00:00,0,[]
Chiaaaa,5,Fantastico,Unico gloss che ho trovato nella mia vita a reggere per più ore. Una volta applicato l’effetto specchiato rimane nel tempo nonostante lo strato vero e proprio di prodotto se ne sia andato. Anche l’effetto volumizzante é molto buono. La qualità che più mi piace è appunto la durata.,2026-01-09T21:47:47.000+00:00,0,[]
,5,Dior,Valgono tutti i soldi prodotto veramente bello tutti mi chiedono cosa ho su,2026-01-03T00:44:23.000+00:00,0,[]
Assu0”30,5,Ottimo,Ottimo gloss glitterato,2025-12-25T00:55:12.000+00:00,0,[]
Hel,5,Insuperabile,"Lo amo, non appiccia e pizzica leggermente. Forse un po’ troppo chiaro, lo prenderei più scuro",2025-12-23T00:12:46.000+00:00,0,[]
chiara ha,5,stupendo,super pigmentato e molto carino ed idratante,2025-12-19T17:25:14.000+00:00,0,[]
valert,5,top,"rimpolpante, luminoso e idratante",2025-12-18T19:40:18.000+00:00,0,[]
Mary Zam,5,Il mioPreferito,Non c’è paragone é il migliore in assoluto,2025-12-14T17:59:30.000+00:00,0,[]
Mary Zam,5,Uno dei miei preferiti,Lo utilizzo da 3 anni è il mio preferito su questo sito costa meno,2025-12-14T17:55:23.000+00:00,0,[]
patawinx,5,Colore stupendo,Colore molto bello un marroncino perfetto per le lip combo invernali,2025-12-11T13:55:48.000+00:00,0,[]
Sting 80,5,Dior adict lip maximizer,Ottimo gloss labra idratate e rimpolpate bellissimi i colori.,2025-12-07T07:30:15.000+00:00,0,[]
Fliblunt,5,Adoro,Sará il 6 che compro ormai!,2025-12-06T14:26:00.000+00:00,0,[]
Bubble,4,Effetto rimpolpante,"Ottimo prodotto, peccato solo per il sapore che non è dei migliori",2025-12-05T11:28:53.000+00:00,0,[]
Ludovica_,5,Stupendo,"L ho regalato a mia cognata (perché la adoro, si) e lo ha adorato! Vabbè Dior è una garanzia",2025-11-25T21:00:06.000+00:00,0,[]
Nmp83,5,Effetto wow,"Da subito volume alle labbra , colore bellissimo dopo l’applicazione. Visto così non mi diceva nulla ma una volta applicato l’effetto mi piace molto",2025-11-11T23:51:49.000+00:00,0,[]
User25,5,Top,"Bellissimo gloss, acquistato in quasi tutte le colorazioni",2025-11-05T22:01:33.000+00:00,0,[]
Ile,5,Ottimo prodotto,Favoloso lo ricomprere altre 1000 volte consigliato non appiccica,2025-11-04T21:41:51.000+00:00,0,[]
Lis9,5,Dior,Dior è sempre una garanzia ! Ottimo,2025-10-08T16:52:56.000+00:00,0,[]
Bellissimadonna,5,Molto bello,"Molto bello, colore e qualità però mi aspettavo di meglio considerando il prezzo",2025-09-17T13:02:30.000+00:00,0,[]
Marty9,5,Lo amo!!,Appena finisce lo ricompro subito e dura una vita!! Il mio preferito!!,2025-09-10T08:07:55.000+00:00,0,[]
Vale_11!_,5,Bellissimo,"Packaging elegante, prodotto fine! Da ricomprare!",2025-09-08T07:07:40.000+00:00,0,[]
Sereba,5,Stupendo,Ottimo prodotto ! Lo uso tutti i giorni,2025-08-29T10:48:17.000+00:00,0,[]
isa140105,5,ottimo lip gloss,"Questo lip gloss di Dior è ottimo, colora molto bene le labbra, da un effetto luccicante, pizza leggermente un po’, ma sopportabile. Forse un po’ alto il prezzo, cmq lo consiglio",2025-08-24T16:37:50.000+00:00,0,[]
MartiF03,5,un must,"Questo è uno dei prodotti che non può mai mancare nella mia trousse trucchi o in borsetta. Ho molte colorazioni, tutte interessanti! Buonissimo anche l'odore",2025-08-21T10:33:57.000+00:00,0,[]
DanielaD,5,Mai più senza,"Il gloss migliore in commercio. Non appiccia, non fa le pellicine. Ha colori bellissimi e lascia le labbra idratate a lungo",2025-08-20T15:32:43.000+00:00,0,[]
Lisa11,5,Bellissimo,Prodotto molto valido.,2025-08-16T21:57:49.000+00:00,0,[]
Zazazalinda,5,FAVOLOSO,Efffetto filler duraturo nel tempo,2025-08-08T15:35:24.000+00:00,0,[]
Lilianaa,5,Gloss Dior,"Un gloss fantastico non si appiccica, rende le labbra morbide e voluminose, semplicemente stupendo.",2025-08-02T06:35:50.000+00:00,0,[]
Tita96,4,Buon lucidalabbra,Sicuramente un buon prodotto anche se noto poco l'effetto rimpolpante,2025-07-30T15:14:31.000+00:00,0,[]
Topina23,5,Dior addict,Lo uso da tanto unico rimpolpante davvero valido,2025-07-29T09:29:49.000+00:00,0,[]
anvarr,4,Bellissimo,Buona profumazione ed effetto mentolato sulle labbra. Non appiccica e la colorazione 013 beige è un nude perfetto,2025-07-29T08:32:52.000+00:00,0,[]
Berto02,5,Lipgloss,"Fa un effetto strepitoso, sopratutto con la luce del tramonto e sulla sera. 
Consiglio vivamente a tutte le ragazze",2025-07-28T09:32:19.000+00:00,0,[]
Cla23,3,Bello ma,Bello il colore e un po' fa effetto pump ma unge e questo non mi piace molto.,2025-07-15T18:37:44.000+00:00,0,[]
marih,5,Bello,L’ho preso per regalarlo ad una mia amica che ha apprezzato molto.,2025-07-05T10:25:07.000+00:00,0,[]
Mmm90,5,Da avere in tutti colori,"Comprato più e più volte, prodotto che adoro. Volumizza il giusto e non pizzica troppo sulle labbra.",2025-07-03T10:46:35.000+00:00,0,[]
Barbie88,5,dior sempre una garanzia,prodotto iconico da sempre!,2025-07-01T16:17:37.000+00:00,0,[]
Fair4,5,Stupendo,Ho preso la n. 4 Coral. E' bellissimo da solo come lucidalabbra e magnifico sopra un rossetto corallo. Lo ricomprerei!,2025-06-29T15:58:05.000+00:00,0,[]
Diana26,1,Non ci siamo,Non è come quello che ho comprato dal sito della Dior. Non rimpolpa e non é volumizzante affatto.,2025-06-27T12:49:38.000+00:00,0,[]
Azzurrap,5,Ottimo,"Consistenza non troppo densa, colorazione neutra. Lascia una sensazione freschissima sulle labbra",2025-06-20T15:30:46.000+00:00,0,[]
Majorette,5,stupendo,acquistato per un regalo ... piaciuto tantissimo ... con dior non si sbaglia mai,2025-06-19T14:23:17.000+00:00,0,[]
Giulianapa,4,Da avere sempre in borsa,"Questo prodotto è davvero meraviglioso e fin dalla prima applicazione, si nota la sua texture confortevole e non appiccicosa, con i suoi brillantini sui toni del lilla che rendono il trucco particolare.",2025-06-19T14:16:14.000+00:00,0,[]
Chi6282,5,F A N T A S T I C O,Bellissimo è uno dei migliori in commercio,2025-06-15T07:59:21.000+00:00,0,[]
Nikka,2,Ni,Tra i prodotti dior trovo che questo sia davvero inutile. Non fa quel che promette. Bocciato.,2025-06-13T16:09:50.000+00:00,0,[]
Mari0572,5,Fantastico,Ottimo prodotto! Regalo gradito,2025-06-11T15:54:48.000+00:00,0,[]
giuliaa006,5,lucidalabbra,lucidalabbra iconico super lucido e ottimo da portare ovunque,2025-06-08T09:47:36.000+00:00,0,[]
Vaalentina,2,Troppo sopravvalutato,"Non mi è piaciuto per niente, ogni volta che lo metto mi lascia un sapore cattivo in bocca (no non lo mangio!) non riesco a capire il perché e inoltre non ha un effetto plump, rimane piuttosto appiccicoso. Costa tantissimo ma non vale il prezzo per me.",2025-06-06T15:30:43.000+00:00,0,[]
Sofiella,5,Lip,Buonissimo profumo fantastico,2025-06-06T15:07:40.000+00:00,0,[]
Mary_._s,5,Lucida labbra,Ottimo prodotto molto profumato colore perfetto finish morbido,2025-05-29T15:20:07.000+00:00,0,[]
Jeca,5,Top,Top lucidalabbra provato fino adesso,2025-05-28T13:40:46.000+00:00,0,[]
Chiara dama,5,Solo il meglio,"Colore top se vuoi dare un colorito vivo alle tue labbra, non eccedendo, fresco ma non fastidioso e non appiccicoso!
Consigliato",2025-05-27T18:25:16.000+00:00,0,[]
,5,lucidalabbra,ortimo lucidalabbra dura abbastanza pack fantastico,2025-05-27T07:19:16.000+00:00,0,[]
Lt,4,Buon prodotto!,Conosco bene questo prodotto ma stavolta credo di aver sbagliato colore… troppo scuro per i miei gusti!,2025-05-24T07:28:01.000+00:00,0,[]
Sofiella,5,Lip,Il migliore in assoluto ragaaaa profumo top,2025-05-22T07:24:33.000+00:00,0,[]
raffyy,5,dior addict,"Il Dior Addict Lip Maximizer è ideale per chi cerca un lucidalabbra che unisca trattamento e bellezza, offrendo idratazione, comfort e un effetto volumizzante naturale. La sua formula ricca e la varietà di tonalità lo rendono un must-have per gli amanti del make-up di qualità.",2025-05-17T20:36:33.000+00:00,0,[]
Giuli ;),5,Che dire… il meglio,Ho sia questo sia un altro colore… non smetterò mai di comprarli!,2025-05-15T13:39:24.000+00:00,0,[]
RositaZ,5,Fantastico,"Confortevole, lascia le labbra perfettamente idratate, una texture leggera e delicata",2025-05-12T16:27:17.000+00:00,0,[]
Manuela89098,4,Buono,"Nel complesso un buon prodotto, non dò il massimo punteggio perchè è veramente caro e con simili risultati ce ne sono di più economici sul mercato",2025-05-11T16:19:03.000+00:00,0,[]
MaryAr1997,5,Ottimo,"Ricevuto in formato prova, è delicato e idratante e il colore è molto luminoso",2025-05-11T16:17:05.000+00:00,0,[]
Alemati,5,Soddisfatta,"Niente da dire se non Meraviglioso. Cremoso e facilissimo da stendere, colore perfetto",2025-05-09T20:23:17.000+00:00,0,[]
Mouraa,5,Pulp,Dura molto ed è bellissimo,2025-05-08T14:55:10.000+00:00,0,[]
Azzurrap,5,Ottimo,"Colore delicato, resistente e lascia sensazione di fresco alle labbra",2025-05-06T23:32:09.000+00:00,0,[]
giuggii,5,Lucida Labbra Dior,Buonissimo e bellissimo ottima colorazione.,2025-05-03T20:09:00.000+00:00,0,[]
Cristinne,5,Il più bello!,Il gloss più bello in assoluto! Lo amo!,2025-05-02T11:06:06.000+00:00,0,[]
Mouraa,5,Bellissimo!,Rimpolpa le labbra ed è resistente,2025-05-01T15:51:28.000+00:00,0,[]
esterxoxo,4,Dior Addict Lip Gloss,"Rimpolpa, idrata e volumizza. Ottimo per labbra secche e spente, resistente fino a 12h, adatto a chi piace avere quel tocco di classe in più, must have da avere sempre in pochette.",2025-04-22T22:42:51.000+00:00,0,[]
Mari0572,5,Lip maximizer,ottimo prodotto… Dior una garanzia! Regalo molto apprezzato,2025-04-17T16:10:39.000+00:00,0,[]
Ale G,5,Fantastico,"Al contrario della colorazione Opal che è stata una delusione Holo pink mi ha ridato la speranza, i glitter ci sono e si vedono! Come sempre da un effetto plum naturale alle labbra e le idrata",2025-04-16T08:49:37.000+00:00,0,[]
Mmm90,5,Ottimo,"Adoro questi volumizzanti, colorazioni molto belle. Leggermente costosi senza offerte. Volumizzano senza pizzicare troppo. Consigliati",2025-04-14T13:40:46.000+00:00,0,[]
deny_pala,5,stupendo,"molto bello, profuma e lascia le labbra molto morbide",2025-04-10T09:57:36.000+00:00,0,[]
Rori!,5,Fresco,"Rimpolpa e idrata, lasciando un leggero effetto fresco sulle labbra. Consigliato!",2025-04-10T08:49:04.000+00:00,0,[]
Giulianapa,5,I love it!,"Il lucidalabbra Dior Addict è un vero must-have. Ha una texture morbida e non appiccicosa, che lascia le labbra idratate e lucide per ore. Il colore è intenso e brillante, dando un effetto pieno e voluminoso senza essere troppo pesante. Inoltre, il profumo è delicato e piacevole. Perfetto per chi cerca un lucidalabbra di alta qualità che aggiunga un tocco di eleganza e luminosità alle labbra.",2025-04-08T17:29:23.000+00:00,0,[]
Princesa1,5,Bellissimo,"Rende le labbra bellissime! Lucide, rimpolpare e valorizzate. L' effetto finale è bellissimo, elegante e naturale.",2025-04-07T10:48:14.000+00:00,0,[]
CMilone,1,Dior lip maximizer,"Il prodotto lo so che è ottimo, peccato che non mi sia arrivato con l’ultimo ordine 😔
Non so come rintracciarvi via mail, ditemi per favore come fare 🙏 
Grazie mille 
Caterina Milone",2025-04-06T16:02:38.000+00:00,0,[]
Annina27,5,Dior,L’unico…il migliore!!,2025-04-03T08:39:59.000+00:00,0,[]
Manuelat,5,Regalo,L’ho comprato per mia mamma che lo ama tanto!!,2025-04-01T15:46:46.000+00:00,0,[]
Lauraaaaiaa,5,Bel regalo,Lo abbiamo regalato ad un amica per la sua laurea. Devo dire che ha apprezzato molto,2025-03-29T19:30:03.000+00:00,0,[]
Cla23,5,Bellissimo,"Bel colore, buona tenuta.",2025-03-22T21:33:32.000+00:00,0,[]
Dani.98,5,Bello,Regalo per un compleanno. Molto apprezzato,2025-03-19T22:02:43.000+00:00,0,[]
Cla23,4,Bel colore,"Bel gloss, bellissimo effetto sulle labbra con una pigmentazione leggera. Non dura molto ma se messo con combo matita labbra è top!",2025-03-17T10:49:38.000+00:00,0,[]
Sweet tulip,5,Lip gloss perfetto,"Lo uso sempre per completare la mia combo labbra, colore nude che si abbina a tutto",2025-03-15T06:15:35.000+00:00,0,[]
Iday,5,Espectacular,"Lo consiglio, Dior è il migliore",2025-03-13T22:29:20.000+00:00,0,[]
Jeca,5,Lipgloss,Stupendo! E non si appiccica ai lati della bocca,2025-03-09T20:23:35.000+00:00,0,[]
Cipsilvy,5,Texture top,"Texture fantastica! Ottima durata.
Lascia le labbra idratate, con una sensazione di freschezza! Consigliato!",2025-03-02T21:55:36.000+00:00,0,[]
Effy87,5,top,lo amoooooooo !! bellissimo,2025-03-01T16:52:51.000+00:00,0,[]
Effy87,5,amo,Amo questi lucidalabbra li vorrei tutti !! voto 10,2025-02-28T09:02:53.000+00:00,0,[]
Vane01,5,Da anni uno dei miei amici preferiti,"L’avevo scoperto anni fa con un cofanetto, da allora continuo a prenderlo in tutte le tonalità perché è confortevole sulle labbra e il pack come sempre bellissimo",2025-02-26T12:15:48.000+00:00,0,[]
Saretta00,4,Bello,Molto molto bello anche se non sapevo pizzicasse! Però lo amo,2025-02-25T21:12:26.000+00:00,0,[]
Saretta00,5,STUPENDO,"devo dire che vale veramente, molto glossy anche l colorazioni sono stupende e ha anche un leggero effetto plump. Lo amo",2025-02-25T21:09:09.000+00:00,0,[]
Yulcer,5,Bellísimo,Consiglio a tutti mi piace molto,2025-02-24T19:39:42.000+00:00,0,[]
Chantilly,3,Per me è no,Bel colore ma per me è troppo appiccicoso. La durata è breve e non ha effetto volume.,2025-02-24T16:51:32.000+00:00,0,[]
Annina27,5,Dior,Lo uso da sempre. Colori stupendi…irrinunciabile 😍,2025-02-24T00:21:07.000+00:00,0,[]
Gioiaa,5,Bellissimo,"Bellissimo prodotto, consiglio",2025-02-20T16:06:44.000+00:00,0,[]
Marti03,5,Ottimo prodotto,"Lo consiglio 
Io  lo riacquisterei, scovolino per applicazione un po’ piccolo",2025-02-20T11:24:31.000+00:00,0,[]
Ilabe,3,Bello,Bello ma forse il prezzo un po’ alto,2025-02-20T08:34:35.000+00:00,0,[]
Ale G,5,Molto bello,Molto bello il colore e soprattutto ha un bel effetto rimpolpante sulle labbra senza pizzicare troppo però ha un forte profumo di liquirizia per i miei gusti,2025-02-12T19:51:00.000+00:00,0,[]
Ale G,4,Una delusione,Ho preso la colorazione Opal però i brillantini si notano pochissimo anche con due passate non si nota quasi nulla…mi aspettavo di più da questo gloss soprattutto con quello che costa,2025-02-12T19:48:52.000+00:00,0,[]
Alice79,3,Bello,Bello ma per il prezzo che ha  c'è di meglio,2025-02-11T10:28:53.000+00:00,0,[]
,5,Adoro,Mi piace tantissimo questo prodotto consiglip,2025-02-09T18:02:18.000+00:00,0,[]
.  .,5,Favoloso,Colore fantastico e prodotto di ottima qualità,2025-02-08T13:53:46.000+00:00,0,[]
Mariangela03,5,Super!,Adoro questo lucidalabbra di Dior,2025-02-06T11:50:09.000+00:00,0,[]
Mariangela03,5,Sempre in borsetta,Adoro questo lucidalabbra!,2025-02-05T08:12:25.000+00:00,0,[]
Sabrigioy,5,Favoloso,Colore molto di tendenza. Va bene con il mio chiaro incarnato,2025-01-25T17:12:22.000+00:00,0,[]
FedeLo04,5,Bellissimo,"Effetto bellissimo, lo consiglio vivamente !",2025-01-22T06:56:38.000+00:00,0,[]
Chi12,5,Yeee,Lo consiglio vivamente!!,2025-01-18T19:15:05.000+00:00,0,[]
matispacca,4,buono,bellissimo ma l’odore di menta è un po’ forte,2025-01-16T14:00:49.000+00:00,0,[]
Marti03,5,Ottimo prodotto,Lo ricomprerei altre mille volte,2025-01-09T11:14:22.000+00:00,0,[]
Chi6282,5,Stupendo,"Stupendo, uno dei migliori",2025-01-09T08:27:47.000+00:00,0,[]
piranella,5,Bello!,Bel lucidalabbra luminoso. Consigliato! Dior non sbaglia mai ✌🏻,2025-01-08T21:56:22.000+00:00,1,[]
Gin. C.,5,Il gloss perfetto,"Letteralmente il mio gloss preferito. Non è per nulla appiccicoso, lascia le labbra idratate ed ha una piacevolissima fragranza alla menta che mi da la sensazione di avere le labbra più rimpolpate e distese. Consigliatissimo!",2025-01-05T12:27:09.000+00:00,1,[]
lavinia01,4,stupendo,bellissimo gloss lo consiglio,2025-01-04T17:31:26.000+00:00,0,[]
,5,Bellissimo,L’effetto che lascia è wow! Consiglio a tutte,2025-01-03T02:39:21.000+00:00,0,[]
,5,Perfetto,"Arrivato in perfette condizioni, è un prodotto ottimo.",2025-01-03T02:32:25.000+00:00,0,[]
Gabrisabbemari,5,Sweet,"So delicious, so beautiful, so pigmentate . Love it.",2024-12-31T09:22:52.000+00:00,0,[]
Raffanto,5,Adoro Dior Addict,"Colore stupendo, gloss meraviglioso, è il secondo che compero e lascia le labbra lucide e molto turgide, packaging elegante.",2024-12-30T14:24:17.000+00:00,0,[]
auroraincarnato,5,adoro,"stupendo, labbra idratate e nom appiccicoso",2024-12-29T19:46:42.000+00:00,0,[]
,5,Adoro questo glos!!,"Uso il gloss di dior addict rimpolpante da tantissimo tempo, l’ho ricomprato varie volte e ne vale davvero la pena! amo in generale la linea di dior e questo gloss è un must have da avere nella propria pochette trucchi!",2024-12-26T19:15:01.000+00:00,0,[]
Caty03,4,Gloss rimpolpante,Ottimo gloss rimpolpante brillantinato,2024-12-26T16:30:43.000+00:00,0,[]
Eleonora03,5,Buono,Super luminoso e volumizzante. Non pizzica,2024-12-26T11:43:20.000+00:00,0,[]
martinnnn,5,bellissimo,"miglior gloss, colori molto belli e durata ottima, molto idratanti",2024-12-22T20:31:09.000+00:00,0,[]
Claudia_V,3,Non vale quanto proposto,"Gloss che dura si e no 20 minuti, poi si asciuga tutto e non rimane nulla, al pari di quelli da pochi euro. Delusione TOTALE. Odore gradevole, bellissima sensazione appena messo, colore top ma… che senso ha se dopo 20 minuti si asciuga tutto e non rimane niente? Non vale il prezzo spropositato proposto.",2024-12-22T07:48:29.000+00:00,0,[]
Kandy,3,Mah,"Sincera? Mi aspettavo meglio. L’applicatore l’ho trovato troppo fine, il gloss è lucido e non appiccica molto ma si sente il pizzicore del rimpolpante. 
Preso in 2 colorazioni: PINK, che in realtà è solo trasparente, troppo chiaro per vedersi il colore, e INTENSE CINAMMON che non mi piace molto come colore, troppo aranciato, ma devo dire che sono fedeli alle foto.
Carino ma nulla di eccezionale. Forse punterei più su quello con applicatore più spesso.",2024-12-14T09:56:00.000+00:00,0,[]
Kandy,3,Sincera,"Sincera? Mi aspettavo meglio. L’applicatore l’ho trovato troppo fine, il gloss è lucido e non appiccica molto ma si sente il pizzicore del rimpolpante. 
Preso in colorazione PINK, che in realtà è solo trasparente, troppo chiaro per vedersi il colore. Carino, ma nulla di eccezionale. 
Forse proverei la versione con l’applicatore più grosso.",2024-12-14T09:53:28.000+00:00,0,[]
Giuli ;),5,Iconico,Profuma ed ha un effetto super lucido; non è appiccicoso. Dior non si smentisce mai,2024-12-12T21:00:30.000+00:00,0,[]
Iristar,5,Gloss dior,"Il gloss migliore di sempre. perfetto per ogni occasione, lascia le labbra super morbide",2024-12-11T05:43:14.000+00:00,0,[]
Auroraaa2223,5,Gloss fantastico,È un bellissimo gloss che non appiccica e ha dei bei colori,2024-12-10T15:38:07.000+00:00,0,[]
Cla.Carl,5,Adatto tutti i giorni,"lip gloss da tenere sempre in borsa, da mettere sia da solo che sopra una tinta labbra",2024-12-09T10:43:48.000+00:00,0,[]
Anchi86,5,Stupenda,Stupendo lucidalabbra con effetto volumizzante,2024-12-09T06:25:14.000+00:00,0,[]
Alefelix,5,Ottimo,"Prodotto ottimo, da una sensazione come di balsamico sulle labbra.",2024-12-08T22:27:34.000+00:00,0,[]
mariaeresa,5,wow,mi piace molto la consistenza,2024-12-08T17:06:06.000+00:00,0,[]
Sabrigioy,5,Favoloso,Colore bellissimo e ricco,2024-12-06T16:12:49.000+00:00,0,[]
Emyyyy,5,Top,Prodotto idratante molto bello,2024-12-04T10:44:07.000+00:00,0,[]
Anchi86,5,Bellissimo,Colore bellissimo pizzica un po’ e aumenta il volume delle labbra,2024-11-28T11:22:53.000+00:00,0,[]
Elora,5,Lo amo,È davvero un gloss incredibile. Provare per credere,2024-11-27T23:02:52.000+00:00,0,[]
Sofi;,5,buono,ottimo anche per un regalo,2024-11-27T14:45:53.000+00:00,0,[]
Sofi;,5,carino,prodotto carino anche per un regalo,2024-11-27T14:45:29.000+00:00,0,[]
Marghe99,5,Regalo,"Preso scontato , ottimo 👌",2024-11-26T13:03:52.000+00:00,0,[]
Wowww,5,Ottimo,Prodotto buonissimo. Mi sono trovata veramente benissimo . Lo consiglio !,2024-11-24T20:54:11.000+00:00,0,[]
Beatrix06,5,Lucidalabbra Dior,Avevo sentito parlare bene di questo Lip Gloss e devo dire che dopo averlo provato avevano proprio ragione. Disponibile in tante colorazioni… le proverò tutte pian piano.,2024-11-22T08:30:51.000+00:00,0,[]
Beatrix06,5,Lucidalabbra Dior,Avevo sentito parlare bene di questo Lip Gloss e devo dire che dopo averlo provato avevano proprio ragione. Disponibile in tante colorazioni… le proverò tutte pian piano.,2024-11-22T08:25:58.000+00:00,0,[]
Beatrix06,5,Lucidalabbra Dior,Avevo sentito parlare bene di questo Lip Gloss e devo dire che dopo averlo provato avevano proprio ragione. Disponibile in tante colorazioni… le proverò tutte pian piano.,2024-11-22T08:25:25.000+00:00,0,[]
Antonia Mid,5,Ma quanto è bello!,"Questo gloss enfatizza e volumizza le labbra!
Sono di parte lo ammetto adoro Dior 
Perfetto per chi come me ha un colore naturale che tende al malva ed enfattizza la mucosa scura a tendenza fredda 
Particolarissimo a parer mio!
Al sapore di liquirizia non scherzo pizzica il giusto",2024-11-21T22:34:28.000+00:00,0,[]
Benny30,4,Recensione per lucidalabbra,"Lo uso da anni ormai, mi trovo benissimo, è molto idratante e non appiccicoso e volumizza bene le labbra.",2024-11-21T00:10:18.000+00:00,0,[]
elenix,4,BELLOOO,"Bello, ma costa tanto",2024-11-17T21:30:29.000+00:00,0,[]
clas,3,buono,bellissimo bello buono,2024-11-15T08:32:52.000+00:00,0,[]
sissi883,4,buono,consiglio questo prodotto molto buono,2024-11-14T09:41:51.000+00:00,0,[]
marijikaka,3,costa un po’,"fa il suo lavoro, lucido e non appiccica, ma costa troppo",2024-11-13T19:47:19.000+00:00,0,[]
Tintus,5,Ottimo lip rimpolpante,"Ho le labbra sottili e nonostante nessun prodotto può far miracoli questo gloss di Dior è favoloso! Risposta, lucida non appiccica assolutamente e da un aspetto sano e naturale alle labbra.
Il colore berry è bellissimo e rende le labbra più piene. Dura molto e anche quando va via non lascia residui 
Packaging Dior meraviglioso",2024-11-10T18:35:21.000+00:00,0,[]
Silvisilvi,5,Ottimo,"Bellissimo gloss, per un effetto plump ancora più visibile basta utilizzare una matita",2024-11-09T18:11:52.000+00:00,0,[]
morenanic,5,Dior n 1,"Inutile dire che già dal packaging ci si possa innamorare di questo gloss, lo consiglio a tutti per il profumo oltre che per il prodotto in se",2024-11-08T21:24:06.000+00:00,0,[]
Imane,5,Dior,Ottimooooooooooooooooooooooooo,2024-11-07T09:51:42.000+00:00,0,[]
martinnnn,5,stupendo,"i lip maximizer di dior sono una garanzia, li ho di tutti i colori , ieri ho acquistato la colorazione cherry ed è meravigliosa sulle labbra, oltre il colore sono dei gloss ottimi, confortevoli e molto idratanti , potrebbero durare un po’ di più, ma lasciano sulle labbra un bel colorito anche quando va via il gloss.",2024-11-06T21:19:53.000+00:00,0,[]
Disab,5,ottimo prodotto,"sono ossessionata dai prodotti di Dior. non rimpolpa molto e dovrebbe avere uno scovolino più ""cicciotto"" ma profumo, texture e colore sono MERAVIGLIOSI!! Non appiccica e mi rende le labbra morbidissime",2024-11-05T16:36:11.000+00:00,0,[]
Nikka,5,Effetto wow,"Effetto rimpolpante garantito. Sentirete una sensazione di fresco, è tutto normale.",2024-11-04T21:21:12.000+00:00,0,[]
cicciobello,4,wow,"l’ho avuto in regalo
bellissimo😍😍",2024-11-03T19:44:26.000+00:00,0,[]
Giuliaa000,5,Stupendo,Confortevole sulle labbra costa un pò tanto ma ne vale la pena,2024-10-29T15:12:11.000+00:00,0,[]
Checca,5,Ottimo,Lucidalabbra ottimo. Idrata e volumizzante le labbra in maniera naturale.,2024-10-24T15:32:26.000+00:00,0,[]
doro,5,bellissimo!,bellissimo e dura tanto,2024-10-14T17:40:36.000+00:00,0,[]
jdjeidifjfj,4,Colore naturale,"Non appiccia, odora di menta e non gonfia le labbra. È un semplice gloss",2024-10-13T10:04:02.000+00:00,0,[]
Iviv,5,Buono,Ottimo prodottt era bene,2024-10-12T09:52:07.000+00:00,0,[]
,4,BELLISSIMO,"Un gloss perfetto per ogni occasione! Colore semplice, ma bello; rimpolpante al punto giusto con un leggero effetto “freddo” sulle labbra e non appiccicoso. Unica pecca: non dura a lungo.",2024-10-10T09:14:03.000+00:00,0,[]
fraffa,5,perfetto,"adatto ad ogni occasione, colorazione nude",2024-10-07T22:30:44.000+00:00,0,[]
Susi23,5,Elegante gloss,Un gloss semplice ma elegante per un make up pulito,2024-10-02T04:25:03.000+00:00,0,[]
Claudia_V,3,Bel colore ma poca resa,Il colore da me scelto mi piace molto e mi sta anche bene perché dà un effetto naturale. L’effetto è fresco e rimpolpante tuttavia la resa e la durata dopo un po’ non rende. Si asciuga e secca fino a scomparire quasi completamente dopo poco tempo. L’effetto appena applicato invece è meraviglioso.,2024-09-25T15:48:24.000+00:00,0,[]
deny_pala,5,brillante,"questo gloss rende le labbra più idratate e le fa sembrare rimpolpate.
Perfetto quando si vuole fare un clean make-up",2024-09-25T10:06:53.000+00:00,0,[]
Anto1980,5,Brillante,Fantastico colore e idratazione eccellente,2024-09-22T19:00:12.000+00:00,0,[]
Roninha9,5,Una garanzia,"Ottimo profumo, colorazione delicatissima lo consiglio!!",2024-09-08T10:42:57.000+00:00,0,[]
campiso,5,dior,"molto buono, idratante e rimpolpa un po' le labbra, semplicemente fantastico",2024-09-07T11:25:01.000+00:00,0,[]
Eleonida,5,Buonissimo,Lucida idrata stupendo,2024-09-02T11:42:19.000+00:00,0,[]
Httpseri,5,Bello,"Bello, fa il suo effetto",2024-08-30T16:45:47.000+00:00,0,[]
Marytosae,5,Gloss,Bellissimo.. lo consiglio,2024-08-30T04:00:38.000+00:00,0,[]
mmmariasss,4,bello,bello bellissimo wow,2024-08-27T20:51:39.000+00:00,0,[]
user3566,4,😍😍,labbra super rimpolpate lo adoro!,2024-08-27T19:43:34.000+00:00,0,[]
Mommi,5,Meraviglioso,Prodotto ottimo lunga durata e labbra bellissime,2024-08-24T06:15:14.000+00:00,0,[]
Ale99.,4,Labbra,"Veramente bello, ma un po' caro",2024-08-20T12:50:31.000+00:00,0,[]
FedyM83,4,Bello ma parte 2,Confermo quanto detto per l' altro colore che possiedo. Questo ha un colore bellissimo e delicato. Oltre effetto plumping ha anche un leggero effetto denti più bianchi (ottico),2024-08-15T04:01:01.000+00:00,0,[]
FedyM83,4,Bello ma...,"Sono soddisfatta in tutto ma onestamente ho provato prodotti economici che gli stanno alla pari. Colore bellissimo, texture leggera, lieve pizzicore per effetto plumping moderato Lucido senza esagerare.",2024-08-15T03:57:57.000+00:00,0,[]
Azzu30,5,Una parola wow,Bellissimo ottimo prodotto effetto pazzesco,2024-08-13T13:08:24.000+00:00,0,[]
Alessandra O.,5,É semplicemente fantastico,"Un gloss di qualità superiore rispetto ai classici, ha un effetto volume strepitoso e leggermente brillantinato ( molto fine ed elegante)e qualsiasi colore tu applichi è sublime e ha un effetto super naturale! Buono anche l’odore di menta che ha, ho già acquistato 4 tonalità. Servizio spedizione di douglas rapido e preciso",2024-08-08T17:39:03.000+00:00,0,[]
Jessie18,5,Ottimo prodotto,"Ho comprato questo lipgloss come regalo per una mia amica e l’ha adorato. È buonissimo e freschissimo, rimpolpa e idrata. Ottimo !!",2024-08-08T00:55:08.000+00:00,0,[]
Elviluna,4,Ottimo,"Si stende molto bene ,non appiccicoso. Ottimo prodotto.",2024-08-05T01:27:40.000+00:00,0,[]
Simi22,4,Wow,"Bellissimo, super idratante",2024-08-03T13:17:46.000+00:00,0,[]
PaolaCica,5,Pink Lilac,"È il terzo gloss della gamma che acquisto: confort, un profumo eccezionale e packaging elegante. Adoro questa linea, non dà fastidio sulle labbra e dona un effetto specchiato bellissimo. La colorazione Pink Lilac è delicata e di classe.",2024-08-02T13:26:25.000+00:00,0,[]
S25s90,4,Lucidalabbra,"Buono, consiglio di provare.",2024-07-28T06:58:46.000+00:00,0,[]
Mmm90,5,Bellissimo,Colore ed effetto plum top,2024-07-24T11:12:42.000+00:00,0,[]
Mmm90,5,Perfetto,Effetto plump molto bello.,2024-07-24T11:11:36.000+00:00,0,[]
Luana91,5,Dior una garanzia!,"I prodotti Dior sono una garanzia! Gloss duraturo e rimpolpante, colore perfetto!",2024-07-13T14:43:47.000+00:00,0,[]
B77,5,Garanzia,"Intramontabile e affidabile. Lo compro e lo ricompro. Persiste, ammorbidisce le labbra, non le appiccica, le valorizza e ha un profumo paradisiaco",2024-07-10T14:51:04.000+00:00,1,[]
Mangela,5,Dior Addict gloss,"Splendido effetto rimpolpante, che conferisce volume e lucentezza alle labbra",2024-07-08T12:36:27.000+00:00,0,[]
Tittyran,5,Meraviglioso,Un gloss rimpolpante che resiste ore colore naturale e brillante,2024-07-06T06:14:35.000+00:00,0,[]
Raffanto,5,Fantastico Dior Addict,"Gloss meraviglioso, colore stupendo, lascia le labbra morbide e lucide, piacevole sensazione di menta, packaging elegante.",2024-07-04T11:35:27.000+00:00,0,[]
ester belli,5,Innamorata,"io amo tutti i prodotti Dior.
la colorazione marrone è molto lieve, ma se utilizzato in combo con una matita labbra è bellissimo!",2024-07-02T13:51:35.000+00:00,0,[]
Raffa S.,4,Wow…,"Davvero un buon prodotto volumizzante, pizzica molto leggermente, il colore rosato è delicato.",2024-07-01T20:00:51.000+00:00,0,[]
M&r!,4,Dior addict,Il prodotto dura per almeno mezza giornata e buono e profuma forse lo ricomprerò!,2024-06-28T11:55:15.000+00:00,0,[]
martu26,5,un grande classico,fa sempre il suo lavoro,2024-06-13T11:13:06.000+00:00,0,[]
mimi.,4,Buonissimo,"Si stende bene, non appiccica, non fa l’effetto “colla” e in più lascia sulle labbra una sensazione freschissima che sa quasi di menta. Infatti è perfetto anche per l’estate. io col caldo non sopporto mai i gloss, ma questo è davvero perfetto. L’unica cosa è che mi aspettavo un effetto più olografico (ho preso Opal).
Ma vale assolutamente tutti i soldi che costa💖💖💖",2024-06-06T09:53:07.000+00:00,0,[]
Sabrigioy,5,Super lucido,"Gloss perfetto, facile da applicare. Colore molto glamour",2024-06-04T14:21:23.000+00:00,0,[]
Giuseppe64,5,Favoloso,"Regalato a mia nipote, è rimasta molto contenta. I prezzi sono un po' elevati ma la qualità è pazzesca.",2024-05-23T21:31:15.000+00:00,0,[]
Dusj,5,Gloss meraviglioso,"Un gloss che è molto più di un gloss: luminoso, morbido, per nulla appiccicoso. Il packaging è sinonimo di eleganza",2024-05-20T00:02:42.000+00:00,0,[]
Emanuela91,5,Super,Colore splendido il pink lilac !!! Si stende facilmente sulle labbra rendendole lucide e brillanti. Top,2024-05-12T18:07:09.000+00:00,0,[]
Nico V,5,Super idratante!,"Colore bellissimo!
Molto piacevole sulle labbra",2024-05-12T11:31:34.000+00:00,0,[]
Mari103,5,❤️❤️❤️❤️❤️,Bellissimoooooooooooooooo,2024-05-10T13:25:56.000+00:00,0,[]
Zara I.,5,💜💜💜,Il colore pink lilac è bellissimo 💜,2024-05-08T01:32:27.000+00:00,0,[]
Cavolfiorella628,4,Bel Gloss,Molto bello l’effetto rimpolpante che da,2024-05-01T06:18:15.000+00:00,0,[]
Maidelyn,5,Bellissimo!,Un bel effetto gloss rimpolpante! Textura liggera confortevole e colori bellissimi,2024-04-30T10:26:45.000+00:00,0,[]
Amoitruchcici,5,Fantastico,"""Il gloss di Dior è un vero capolavoro nel mondo del makeup. La sua formula ultra-luminosa dona un effetto volumizzante e idratante alle labbra, senza appiccicare. La gamma di colori è eccezionale, dalle tonalità nude alle più audaci, offrendo infinite possibilità di look. La confezione è elegante e lussuosa, rendendo il gloss di Dior un accessorio indispensabile in ogni beauty routine. Un prodotto di alta qualità che sicuramente non deluderà le aspettative degli amanti del makeup.""",2024-04-27T20:46:58.000+00:00,0,[]
Baby69,5,Super!,"Buonissimo prodotto, super brillante e molto idratante l’ho acquistato in diversi colori assolutamente consigliato",2024-04-26T20:20:04.000+00:00,0,[]
Frank30,5,Colore top,Dura mediamente di più degli altri gloss e dona davvero un bellissimo effetto senza “fili” che sembrano colla,2024-04-22T06:40:16.000+00:00,0,[]
FedyM83,4,Molto carino,"L'effetto di aumento delle labbra si vede, non è esageratamente pizzicante. Rimane un bel effetto gloss. Il colore è un rosa chiaro freddo sulle labbra. Carino ma non wow!",2024-04-21T05:57:39.000+00:00,0,[]
nadia 2005,5,eccezionale,ottimo prodotto! l’ho preso anche in un altra colorazione… il top del top! ve lo consiglio tantissimo<3,2024-04-17T22:54:50.000+00:00,0,[]
Disab,5,I miei preferiti di sempre,"Non ha molto effetto plump come tutti i suoi ""fratelli"" ma io adoro i lip maximizer di Dior. Li uso da anni e non mi hanno mai stancato. Ho acquistato la nuova shade Pink Lilac... MERAVIGLIOSA (rosa/lilla tenue che sul mio incarnato sta benissimo). Adoro il profumo dolce mentolato.",2024-04-15T15:13:51.000+00:00,0,[]
Vitttoooo,5,che dire,"fantastico prodotto fantastico, super consigliato, anche se un po' costoso...",2024-04-15T13:17:18.000+00:00,0,[]
Vs_s1,4,Molto bello e idratante,"Si asciuga dopo un po, consiglio di portarlo sempre dietro quando lo si indossa",2024-04-15T07:35:30.000+00:00,0,[]
Mommi,5,Meraviglioso,Ottimo prodotto io uso il colore neutro buona durata,2024-04-14T16:51:22.000+00:00,0,[]
Annaarto,5,Lucidalabbra,Ottimo acquisto e profumo pazzesco,2024-04-12T05:10:21.000+00:00,0,[]
Mmm90,5,Prodotto top,Uno dei miei prodotti lip preferiti. Insostituibile. Rosino adatto a tutti i giorni,2024-04-10T10:11:40.000+00:00,0,[]
Lupacchiotta,5,Amo amo amo,Questo colore è perfetta sulla mi carnagione molto chiaro..è delicato e elegante...ha un piacevole sensazione sulle labbra e dura abbastanza  tempo senza dover riapplicare.,2024-04-07T11:04:48.000+00:00,0,[]
Daffy,4,stupendo,profumo e rimpolpa le labbra,2024-04-06T00:28:09.000+00:00,0,[]
Soha,5,The best,All prodoct for doir is the best,2024-04-05T21:36:12.000+00:00,0,[]
Francyiii,5,Favorite,Mio gloss favorito della vita,2024-04-04T05:50:28.000+00:00,0,[]
Angily,5,Top,Mi piace tantissimo questo lucidalabbra da un effetto fresco e rimpolpante,2024-03-30T08:22:18.000+00:00,0,[]
Lt,5,Ottimo!,Non è il primo che acquisto! È un prodotto ottimo e confortevole sulle labbra… sempre soddisfatta!,2024-02-18T15:33:56.000+00:00,0,[]
Mariamerc,5,Stupendo,"Lo adoro, dà una sensazione di freschezza",2024-02-17T15:35:54.000+00:00,0,[]
,5,Top,"Wow, prodotto fantastico. Ha un buon rapporto qualità prezzo",2024-02-07T16:22:40.000+00:00,0,[]
Angel7,5,Top,"È il secondo che ricompro, lo amo fa le labbra top.",2024-02-01T23:29:17.000+00:00,0,[]
Ci.enne,5,Regalo,"Regalo apprezzatissimo: bel colore, profumato e leggermente idratante",2024-01-29T07:52:43.000+00:00,0,[]
Giulia Azzoni,4,Carinissimo,"packaging troppo carino, Lip Gloss molto semplice",2024-01-06T02:57:20.000+00:00,0,[]
Vaalentina,3,Aspettative piu alte,"Premetto che mi aspettavo molto di più, sia per il costo sia per come ne avevo sentito parlare.
Non è sicuramente un lip rimpolpante, non brucia o pizzica molto ne ho provati altri di gran lunga migliori, lascia comunque una sensazione di freschezza.",2024-01-04T00:57:42.000+00:00,1,[]
nadia 2005,5,okeeyy,packing meraviglioso ma non posso dire altro visto che non l’ho ancora provato <3.,2024-01-03T12:49:19.000+00:00,0,[]
Alessiaspina01,5,Prodotto ottimo,"Prodotto ottimo ,volumizza le labbra senza bruciori e lascia un ottimo odore",2023-12-30T23:41:52.000+00:00,0,[]
unknown999,5,AMO QUESTO GLOSS,"È un Gloss buonissimo soprattutto questo colore , non è molto forte davvero OTTIMO",2023-12-28T16:55:17.000+00:00,0,[]
AnnaJy,5,Adorabile,Tonalità intense grape. Lo adocchiavo da un po’ e che lo sconto d un buono l’ho acquistato! Mi piace moltissimo la consistenza non appiccicosa e il lucido non esagerato. Il colore me lo aspettavo leggermente più brillante ma mi piace. Ne comprerò un altro,2023-12-25T20:18:51.000+00:00,0,[]
Shopping360,5,Regalo gradito,"Conosco già la linea, lo consiglio. Ha profumo di liquirizia",2023-12-25T16:48:22.000+00:00,0,[]
Mommi,5,Meraviglioso,Gloss meraviglioso lunga durata,2023-12-21T17:18:22.000+00:00,0,[]
Gibbi,5,Il gloss perfetto,"In assoluto il migliore lucidalabbra, perfetto per ogni occasione!",2023-12-21T10:08:04.000+00:00,0,[]
Gibbi,5,Il gloss perfetto,"In assoluto il migliore lucidalabbra, perfetto per ogni occasione",2023-12-21T10:05:31.000+00:00,0,[]
makeuplover14,5,Fantastico,"Vale tutto il suo prezzo! Rimpolpa, dura a lungo e non appiccica. Perfetto in qualsiasi occasione",2023-12-14T08:32:24.000+00:00,0,[]
MS99!,5,Stupendo,"È il lip gloss migliore in circolazione! Oltre ad un effetto naturale è anche duraturo, inoltre rimpolpa le labbra come da descrizione",2023-12-12T19:06:44.000+00:00,0,[]
clloe00,5,Regalo,L'ho comprato come regalo. Avevo già acquistato un'altro colore di questa linea. Sono dei gloss iconic!,2023-12-11T14:49:37.000+00:00,0,[]
clloe00,5,Regalo,L'ho comprato come regalo. Avevo già acquistato un'altro colore di questa linea. Sono dei gloss iconic!,2023-12-11T14:48:54.000+00:00,0,[]
Mary glam,5,Il miglior lip gloss,Ho comprato sul sito questo prodotto e mi sono trovata benissimo sia per il colore che è pazzesco steso sulle labbra e anche per l’effetto maximizer che fa ! È un acquisto molto soddisfacente,2023-11-29T14:33:43.000+00:00,0,[]
rinoparente,5,Niente sorprese,Visto in negozio e comprato online a super sconti e comodo anche il servizio fermopoint in negozio,2023-11-26T09:23:01.000+00:00,0,[]
Shopping360,5,Una sorpresa,"Meglio di come mi aspettassi, il gloss ha una fragranza al mentolo.",2023-11-23T15:01:45.000+00:00,0,[]
Melissa G,5,Consigliatissimo!!,"Lucidalabbra di lunga durata, idrata le labbra e le colora",2023-11-21T16:14:10.000+00:00,1,[]
Francescs,5,Perfetto!,"Lascia le labbra lucide, idratate a lungo, con un profumo discreto e piacevole....non ha difetti, solo pregi !",2023-11-12T19:25:56.000+00:00,0,[]
Rossellina,5,Sublime,"Me lo avevano regalato...ora sono diventata addictid.
Un lucido fantastico e dura a lungo, lasciando le labbra lucenti e morbide.",2023-10-28T11:47:45.000+00:00,0,[]
93Giusy,5,Top,"Stupendo lucida labbra , non appiccica le labbra , rimpolpante … da provare assolutamente altre colorazioni",2023-08-27T16:00:25.000+00:00,0,[]
Simona1972,5,Signora,"Lo adoro è il mio terzo acquisto. Labbra più turgide, lucide. Lo riacquisterei",2023-08-20T14:18:28.000+00:00,0,[]
Cele,5,Lo amo,Dior resta il mio marchio preferito ottimo balm durata nn lunga ma lascia le labbra morbide,2023-07-13T09:59:03.000+00:00,0,[]
Checca,5,balsamo volumizzante,trattamento idratante per labbra setose e voluminose,2023-06-19T10:02:50.000+00:00,0,[]
MartyA,5,Super idratante,"Lo amo follemente, super idratante, lunga durata, non appiccica",2023-06-04T13:37:53.000+00:00,0,[]
Mommi,5,ottimo,"non ho mai trovato un gloss così morbido
ottimo prodotto",2023-05-21T06:41:07.000+00:00,0,[]
Naty77,5,Top,Ottimo prodotto lascia le labbra morbide e nutrite,2023-05-05T13:12:53.000+00:00,0,[]
eismua,5,Top,"Bello e leggero sulle labbra, chiaramente essendo un gloss va via ma lascia una bella sensazione di morbidezza. Peccato che dior non sia cruelty free però :(",2023-05-03T21:15:34.000+00:00,0,[]
GiuliaMe,5,Gloss n. 1,Gloss super brillante super idratante super rimpolpante! Packaging top!,2023-04-04T10:25:24.000+00:00,0,[]
clamac,5,Fantastico,"Regalo per un’amica, il colore è perfetto, naturale, non secca per nulla le labbra e lascia un effetto più rimpolpato anche quando svanisce, meraviglioso",2023-03-26T11:44:49.000+00:00,0,[]
Orybo,5,Meraviglioso,"Lo utilizzo da anni ormai ed è sempre una certezza, ho provato diverse colorazioni e ogni volta è una piacevole sorpresa.",2023-03-23T10:12:35.000+00:00,1,[]
Angy96al,5,Meraviglioso Gloss!,"Stupendo, labbra idratate, rimpolpate, luminose, effetto super!",2023-03-19T11:54:49.000+00:00,0,[]
Alexisss90,5,Luce per le labbra,Cercavo un prodotto che donasse luminosità alle mie labbra e che fosse abbastanza idratante e leggero. Questo è il giusto lucidalabbra che idrata ma allo stesso tempo rende le labbra più carnose. Un prodotto a metà tra skincare e cosmetico. Bellissimo!!,2023-03-14T20:08:05.000+00:00,0,[]
Maila,5,Adoro,Il mio lip preferito in assoluto. Idrata lucida e rimpolpa veramente un sacco. Poi è bellissimo da vedere e tenere in borsa!!!!,2023-03-01T08:05:10.000+00:00,0,[]
ChiarettaF,5,Ottimo lip gloss,"Ho acquistato tale prodotto nella tonalità 29: un color melograno brillante. Davvero bello! Ha un leggero effetto volumizzante, idratante e appena applicato crea un lieve pizzicore, che va via subito. Io lo utilizzo dopo il balsamo labbra Dior Addict.",2023-02-14T10:34:03.000+00:00,0,[]
Disab,5,i migliori,"ne ho di diverse tonalità (002, 006 e 007). non hanno un effetto volumizzante eccessivo. lasciano un leggero pizzicore che termina in fretta. coccolano le labbra rendendole estremamente morbide ed idratate. Li acquisto perchè sono eccellenti",2023-02-13T16:25:25.000+00:00,1,[]
